{"cameraMode":{"drawMode":0,"name":"Shaded","section":"Shading Mode"},"sceneLighting":false,"audioPlay":false,"sceneViewState":{"m_AlwaysRefresh":false,"showFog":true,"showSkybox":false,"showFlares":true,"showImageEffects":true,"showParticleSystems":true,"showVisualEffectGraphs":true,"m_FxEnabled":true},"in2DMode":false,"pivot":{"x":-0.19699954986572267,"y":0.13299989700317384,"z":-0.07899999618530274},"rotation":{"x":-0.5772821307182312,"y":-0.41984859108924868,"z":0.45586493611335757,"w":-0.5316787958145142},"size":1.8186532258987427,"orthographic":false}