{"cameraMode":{"drawMode":0,"name":"Shaded","section":"Shading Mode"},"sceneLighting":true,"audioPlay":false,"sceneViewState":{"m_AlwaysRefresh":false,"showFog":true,"showSkybox":true,"showFlares":true,"showImageEffects":true,"showParticleSystems":true,"showVisualEffectGraphs":true,"m_FxEnabled":true},"in2DMode":false,"pivot":{"x":-3.068737268447876,"y":1.6694426536560059,"z":17.773130416870118},"rotation":{"x":-0.5772821307182312,"y":-0.41984859108924868,"z":0.45586493611335757,"w":-0.5316787958145142},"size":12.814627647399903,"orthographic":false}